"","sampleID","purified_concentration","experiment","tissue","DNA_ext_date","special_char","plantID","plant_trt","orig_soil","oil_added","table","block","sampling_period","season","stem_ht","stem_diam","num_nodes","num_stems_live","num_stems_outside","num_infl","total_mass_infl","avg_mass_infl","pH","conductivity","Leaf_percent_N","Leaf_percent_C","duke_sampleID","Leaf_C.N","Root_percent_N","Root_percent_C","Root_C.N","mass_ag_i","mass_ag_o","mass_bg_i","mass_bg_o","mass_dead","mass_live_total","dead_live_ratio","Hopanes","total_relevant_PAHs","Total.Naph.","Total.Dibenz.","Total.Phenan.","Total.Chrys.","naph_WR","dibenz_WR","phen_WR","Treatment","seq_count"
"L19-J17","S5_L19_J17",4.83,"S5","Leaf","2019-01-09","Exp. Sample","19","Y","Not Prev-Oiled Inoc","No Oil Added","2","3","J17","Non-Growing",54.75,4.6525,5,58,NA,NA,NA,NA,6.98,1.77,1.446789563,42.27331161,"L19-J17",29.2187009715109,NA,NA,NA,NA,NA,NA,NA,NA,NA,NA,NA,NA,NA,NA,NA,NA,NA,NA,NA,"No Oil Added ; Not Prev-Oiled Inoc",1039
"L19-N16","S5_L19_N16",10.9,"S5","Leaf","2017-06-02","Exp. Sample","19","Y","Not Prev-Oiled Inoc","No Oil Added","2","3","N16","Growing",42.164,3.01333333333333,6,33,NA,0,0,0,6.9,1.88,2.696203709,42.36941719,"L19-N16",15.7144718140435,NA,NA,NA,NA,NA,NA,NA,NA,NA,NA,0.06,0.9603,0.32,0.1502,0.38,0.1101,0.744013020227854,0.577026507875528,0.775351968985921,"No Oil Added ; Not Prev-Oiled Inoc",1039
"L27-J17","S5_L27_J17",1.85,"S5","Leaf","2019-01-09","Exp. Sample","27","Y","Not Prev-Oiled Inoc","Oil Added","3","3","J17","Non-Growing",80.9,5.403,6,59,NA,NA,NA,NA,7.09,3.34,1.243653655,42.10811234,"L27-J17",33.8583914988776,NA,NA,NA,NA,NA,NA,NA,NA,NA,NA,NA,NA,NA,NA,NA,NA,NA,NA,NA,"Oil Added ; Not Prev-Oiled Inoc",1039
"L27-N16","S5_L27_N16",8.23,"S5","Leaf","2017-06-06","Exp. Sample","27","Y","Not Prev-Oiled Inoc","Oil Added","3","3","N16","Growing",108.204,4.77333333333333,6,30,NA,15,6.46,0.430666666666667,6.84,2.13,1.443361461,41.72891426,"L27-N16",28.9109245241238,NA,NA,NA,NA,NA,NA,NA,NA,NA,NA,1.34,0.2709,0.1702,0.0202,0.0802,3e-04,0.998240469208211,0.985365853658536,0.996273291925466,"Oil Added ; Not Prev-Oiled Inoc",1039
"L27-N17","S5_L27_N17",5.53,"S5","Leaf","2019-06-07","Exp. Sample","27","Y","Not Prev-Oiled Inoc","Oil Added","3","3","N17","Growing",112.9,5.295,12,64,NA,17,2.8,0.164705882352941,7.97,2.06,1.072140098,41.83733177,"L27-N17",39.022261967484,NA,NA,NA,NA,NA,NA,NA,NA,NA,NA,NA,NA,NA,NA,NA,NA,NA,NA,NA,"Oil Added ; Not Prev-Oiled Inoc",1039
"L29-J17","S5_L29_J17",8.25,"S5","Leaf","2019-01-09","Exp. Sample","29","Y","Not Prev-Oiled Inoc","Oil Added","3","4","J17","Non-Growing",64.9,4.386,7,84,NA,NA,NA,NA,7.83,1.4,1.347104788,41.92537689,"L29-J17",31.1225802650773,NA,NA,NA,NA,NA,NA,NA,NA,NA,NA,NA,NA,NA,NA,NA,NA,NA,NA,NA,"Oil Added ; Not Prev-Oiled Inoc",1039
"L29-N16","S5_L29_N16",12.7,"S5","Leaf","2017-06-06","Exp. Sample","29","Y","Not Prev-Oiled Inoc","Oil Added","3","4","N16","Growing",88.9,4.97333333333333,6,33,NA,14,9.44,0.674285714285714,6.95,2.62,1.789060295,41.76523018,"L29-N16",23.3447862527182,NA,NA,NA,NA,NA,NA,NA,NA,NA,NA,0.02,0.191,0.0902,0.0202,0.0803,3e-04,0.996685082872928,0.985365853658536,0.996277915632754,"Oil Added ; Not Prev-Oiled Inoc",1039
"L29-N17","S5_L29_N17",11.5,"S5","Leaf","2019-06-07","Exp. Sample","29","Y","Not Prev-Oiled Inoc","Oil Added","3","4","N17","Growing",79.75,3.73,11,74,NA,13,2.28,0.175384615384615,7.39,2.5,1.525035739,43.88775063,"L29-N17",28.778178443725,NA,NA,NA,NA,NA,NA,NA,NA,NA,NA,NA,NA,NA,NA,NA,NA,NA,NA,NA,"Oil Added ; Not Prev-Oiled Inoc",1039
"L30-J17","S5_L30_J17",6.92,"S5","Leaf","2019-01-09","Exp. Sample","30","Y","Not Prev-Oiled Inoc","No Oil Added","3","4","J17","Non-Growing",74.425,4.7325,6,90,NA,NA,NA,NA,7.22,3.21,1.453765988,41.74899101,"L30-J17",28.7178207184745,NA,NA,NA,NA,NA,NA,NA,NA,NA,NA,NA,NA,NA,NA,NA,NA,NA,NA,NA,"No Oil Added ; Not Prev-Oiled Inoc",1039
"L30-N16","S5_L30_N16",8.66,"S5","Leaf","2017-06-06","Exp. Sample","30","Y","Not Prev-Oiled Inoc","No Oil Added","3","4","N16","Growing",132.08,4.49333333333333,7,48,NA,16,6.67,0.416875,6.88,2.06,1.682996094,41.32440567,"L30-N16",24.5540710506248,NA,NA,NA,NA,NA,NA,NA,NA,NA,NA,0.08,2.4009,4e-04,2e-04,1.0902,1.3101,0.000305227012590614,0.000152636800732657,0.454193225846769,"No Oil Added ; Not Prev-Oiled Inoc",1039
"L47-N16","S5_L47_N16",9.33,"S5","Leaf","2017-06-02","Exp. Sample","47","Y","Prev-Oiled Inoc.","Oil Added","2","1","N16","Growing",62.992,5.1,6,36,NA,10,2.04,0.204,6.6,6.2,1.635947824,40.77356911,"L47-N16",24.9235143760917,NA,NA,NA,NA,NA,NA,NA,NA,NA,NA,0.33,0.241,0.1402,0.0102,0.0903,3e-04,0.997864768683274,0.971428571428571,0.996688741721854,"Oil Added ; Prev-Oiled Inoc.",1039
"L47-N17","S5_L47_N17",9.91,"S5","Leaf","2019-07-10","Exp. Sample","47","Y","Prev-Oiled Inoc.","Oil Added","2","1","N17","Growing",70.45,4.68,11,84,NA,0,0,0,7.92,1.86,1.503584445,41.45344925,"L47-N17",27.5697513284663,NA,NA,NA,NA,NA,NA,NA,NA,NA,NA,NA,NA,NA,NA,NA,NA,NA,NA,NA,"Oil Added ; Prev-Oiled Inoc.",1039
"L49-J17","S5_L49_J17",9.89,"S5","Leaf","2019-01-29","Exp. Sample","49","Y","Prev-Oiled Inoc.","No Oil Added","3","1","J17","Non-Growing",54.725,3.67578947368421,6,85,NA,NA,NA,NA,7.09,3.11,1.272943377,41.59059715,"L49-J17",32.6727786180233,NA,NA,NA,NA,NA,NA,NA,NA,NA,NA,NA,NA,NA,NA,NA,NA,NA,NA,NA,"No Oil Added ; Prev-Oiled Inoc.",1039
"L49-N16","S5_L49_N16",7.23,"S5","Leaf","2017-06-06","Exp. Sample","49","Y","Prev-Oiled Inoc.","No Oil Added","3","1","N16","Growing",89.916,4.97333333333333,7,38,NA,33,15.59,0.472424242424242,6.94,1.96,1.507622838,41.25099182,"L49-N16",27.3616124538968,NA,NA,NA,NA,NA,NA,NA,NA,NA,NA,0.01,0.1511,0.1302,0.0202,4e-04,3e-04,0.997701149425287,0.985365853658536,0.571428571428571,"No Oil Added ; Prev-Oiled Inoc.",1039
"L49-N17","S5_L49_N17",6.9,"S5","Leaf","2019-06-07","Exp. Sample","49","Y","Prev-Oiled Inoc.","No Oil Added","3","1","N17","Growing",84.225,3.705,11,73,NA,37,5.42,0.146486486486486,6.94,2.16,1.426316798,41.95625687,"L49-N17",29.4158050503448,NA,NA,NA,NA,NA,NA,NA,NA,NA,NA,NA,NA,NA,NA,NA,NA,NA,NA,NA,"No Oil Added ; Prev-Oiled Inoc.",1039
"L60-N16","S5_L60_N16",4.16,"S5","Leaf","2017-06-06","Exp. Sample","60","Y","Prev-Oiled Inoc.","Oil Added","3","3","N16","Growing",122.428,5.30666666666667,8,24,NA,14,8,0.571428571428571,7.04,3.63,1.673532009,42.24826813,"L60-N16",25.2449716544382,NA,NA,NA,NA,NA,NA,NA,NA,NA,NA,1.16,0.2211,0.2002,0.0202,4e-04,3e-04,0.998503740648379,0.985365853658536,0.571428571428571,"Oil Added ; Prev-Oiled Inoc.",1039
"L60-N17","S5_L60_N17",8.83,"S5","Leaf","2019-06-07","Exp. Sample","60","Y","Prev-Oiled Inoc.","Oil Added","3","3","N17","Growing",78.05,5.505,9,71,NA,4,1.1,0.275,7.02,2.16,1.372170031,42.58379173,"L60-N17",31.0339030644519,NA,NA,NA,NA,NA,NA,NA,NA,NA,NA,NA,NA,NA,NA,NA,NA,NA,NA,NA,"Oil Added ; Prev-Oiled Inoc.",1039
"L66-J17","S5_L66_J17",9.71,"S5","Leaf","2019-01-29","Exp. Sample","66","Y","Prev-Oiled Inoc.","No Oil Added","4","3","J17","Non-Growing",62.575,4.6195,6,63,NA,NA,NA,NA,6.84,1.21,1.260219038,42.59505463,"L66-J17",33.799723179551,NA,NA,NA,NA,NA,NA,NA,NA,NA,NA,NA,NA,NA,NA,NA,NA,NA,NA,NA,"No Oil Added ; Prev-Oiled Inoc.",1039
"L66-N16","S5_L66_N16",10.8,"S5","Leaf","2017-07-10","Exp. Sample","66","Y","Prev-Oiled Inoc.","No Oil Added","4","3","N16","Growing",72.898,3.94666666666667,6,46,NA,1,0.24,0.24,6.76,1.39,2.221333742,41.21692467,"L66-N16",18.5550347031104,NA,NA,NA,NA,NA,NA,NA,NA,NA,NA,0.08,0.211,0.1302,0.0202,0.0603,3e-04,0.997701149425287,0.985365853658536,0.995049504950495,"No Oil Added ; Prev-Oiled Inoc.",1039
"L66-N17","S5_L66_N17",8.49,"S5","Leaf","2019-06-07","Exp. Sample","66","Y","Prev-Oiled Inoc.","No Oil Added","4","3","N17","Growing",74.8,4.67,11,66,NA,6,0.55,0.0916666666666667,8.16,1.55,1.467219591,42.36563301,"L66-N17",28.8747732581223,NA,NA,NA,NA,NA,NA,NA,NA,NA,NA,NA,NA,NA,NA,NA,NA,NA,NA,NA,"No Oil Added ; Prev-Oiled Inoc.",1039
"L68-N16","S5_L68_N16",7.44,"S5","Leaf","2017-06-02","Exp. Sample","68","Y","Prev-Oiled Inoc.","No Oil Added","1","4","N16","Growing",79.248,4.44,6,47,NA,0,0,0,6.82,2.36,1.57011646,40.24379349,"L68-N16",25.6310882123992,NA,NA,NA,NA,NA,NA,NA,NA,NA,NA,0.01,0.161,0.0402,0.0102,0.1103,3e-04,0.992592592592593,0.971428571428571,0.997287522603978,"No Oil Added ; Prev-Oiled Inoc.",1039
"L68-N17","S5_L68_N17",6.24,"S5","Leaf","2019-06-07","Exp. Sample","68","Y","Prev-Oiled Inoc.","No Oil Added","1","4","N17","Growing",55.75,3.96,8,72,NA,0,0,0,7.12,1.96,1.455285609,42.22913551,"L68-N17",29.0177647939622,NA,NA,NA,NA,NA,NA,NA,NA,NA,NA,NA,NA,NA,NA,NA,NA,NA,NA,NA,"No Oil Added ; Prev-Oiled Inoc.",1039
"L69-J17","S5_L69_J17",7.56,"S5","Leaf","2019-01-29","Exp. Sample","69","Y","Prev-Oiled Inoc.","Oil Added","1","4","J17","Non-Growing",73.475,5.251,7,49,NA,NA,NA,NA,7.19,3.12,1.399587035,42.64426422,"L69-J17",30.4691763738723,NA,NA,NA,NA,NA,NA,NA,NA,NA,NA,NA,NA,NA,NA,NA,NA,NA,NA,NA,"Oil Added ; Prev-Oiled Inoc.",1039
"L69-N16","S5_L69_N16",2.41,"S5","Leaf","2017-06-02","Exp. Sample","69","Y","Prev-Oiled Inoc.","Oil Added","1","4","N16","Growing",103.632,5.57333333333333,8,28,NA,16,9.5,0.59375,6.94,5.5,1.796991467,42.43664551,"L69-N16",23.6153850974296,NA,NA,NA,NA,NA,NA,NA,NA,NA,NA,0.05,0.9111,0.8303,0.0102,0.0703,3e-04,0.999638815314231,0.971428571428571,0.995750708215298,"Oil Added ; Prev-Oiled Inoc.",1039
"L69-N17","S5_L69_N17",6.01,"S5","Leaf","2019-06-07","Exp. Sample","69","Y","Prev-Oiled Inoc.","Oil Added","1","4","N17","Growing",96,4.73,14,37,NA,9,2.68,0.297777777777778,7.03,2.82,1.440168202,43.59024239,"L69-N17",30.2674662094782,NA,NA,NA,NA,NA,NA,NA,NA,NA,NA,NA,NA,NA,NA,NA,NA,NA,NA,NA,"Oil Added ; Prev-Oiled Inoc.",1039
"L8-J17","S5_L08_J17",4.53,"S5","Leaf","2019-01-09","Exp. Sample","8","Y","Not Prev-Oiled Inoc","No Oil Added","3","1","J17","Non-Growing",72.35,6.074,6,54,NA,NA,NA,NA,6.94,3.51,1.063986838,41.25092125,"L8-J17",38.7701424272694,NA,NA,NA,NA,NA,NA,NA,NA,NA,NA,NA,NA,NA,NA,NA,NA,NA,NA,NA,"No Oil Added ; Not Prev-Oiled Inoc",1039
"L8-N16","S5_L08_N16",4.51,"S5","Leaf","2017-07-07","Exp. Sample","8","Y","Not Prev-Oiled Inoc","No Oil Added","3","1","N16","Growing",NA,5.78666666666667,8,21,NA,14,9.36,0.668571428571428,6.79,2.14,1.494911134,42.3541069,"L8-N16",28.3321904136678,NA,NA,NA,NA,NA,NA,NA,NA,NA,NA,1.46,0.241,0.1902,0.0102,0.0403,3e-04,0.998425196850394,0.971428571428571,0.992610837438424,"No Oil Added ; Not Prev-Oiled Inoc",1039
"L9-J17","S5_L09_J17",7.48,"S5","Leaf","2019-01-09","Exp. Sample","9","Y","Not Prev-Oiled Inoc","Oil Added","4","1","J17","Non-Growing",59.625,4.4575,4,59,NA,NA,NA,NA,6.94,2.86,1.228752792,42.04549217,"L9-J17",34.2180237096869,NA,NA,NA,NA,NA,NA,NA,NA,NA,NA,NA,NA,NA,NA,NA,NA,NA,NA,NA,"Oil Added ; Not Prev-Oiled Inoc",1039
"L9-N16","S5_L09_N16",8.76,"S5","Leaf","2017-07-10","Exp. Sample","9","Y","Not Prev-Oiled Inoc","Oil Added","4","1","N16","Growing",71.628,4.34666666666667,5,31,NA,10,2,0.2,7.1,4.31,1.662596285,42.73830414,"L9-N16",25.7057618410353,NA,NA,NA,NA,NA,NA,NA,NA,NA,NA,0.03,0.131,0.0602,0.0302,0.0403,3e-04,0.99504132231405,0.990163934426229,0.992610837438424,"Oil Added ; Not Prev-Oiled Inoc",1039
"R19-J18","S5_R19_J18",5.39,"S5","Root","2019-06-18","Exp. Sample","19","Y","Not Prev-Oiled Inoc","No Oil Added","2","3","J18","Non-Growing",41.06,3.5925,3,121,18,NA,NA,NA,6.78,0.8,NA,NA,"R19-J18",NA,0.4948980659,37.84444427,76.4691698707243,107.5,1.4,142.17,26.63,70.2,277.7,0.252790781418797,NA,NA,NA,NA,NA,NA,NA,NA,NA,"No Oil Added ; Not Prev-Oiled Inoc",1039
"R19-N16","S5_R19_N16",6.34,"S5","Root","2019-06-05","Exp. Sample","19","Y","Not Prev-Oiled Inoc","No Oil Added","2","3","N16","Growing",42.164,3.01333333333333,6,33,NA,0,0,0,6.9,1.88,NA,NA,"R19-N16",NA,0.877805829,40.39173508,46.0144302368263,NA,NA,NA,NA,NA,NA,NA,0.01,0.1311,0.1102,0.0202,4e-04,3e-04,0.997285067873303,0.985365853658536,0.571428571428571,"No Oil Added ; Not Prev-Oiled Inoc",1039
"R27-J17","S5_R27_J17",7.9,"S5","Root","2019-06-14","Exp. Sample","27","Y","Not Prev-Oiled Inoc","Oil Added","3","3","J17","Non-Growing",80.9,5.403,6,59,NA,NA,NA,NA,7.09,3.34,NA,NA,"R27-J17",NA,0.5232738853,37.49836349,71.6610642025479,NA,NA,NA,NA,NA,NA,NA,NA,NA,NA,NA,NA,NA,NA,NA,NA,"Oil Added ; Not Prev-Oiled Inoc",1039
"R27-J18","S5_R27_J18",6.87,"S5","Root","2019-06-18","Exp. Sample","27","Y","Not Prev-Oiled Inoc","Oil Added","3","3","J18","Non-Growing",60.25,4.575,5,82,37,NA,NA,NA,7.42,1.01,NA,NA,"R27-J18",NA,0.5792626739,35.38527489,61.086751286358,116.61,21.87,390.99,120,208.85,649.47,0.321569895453216,NA,NA,NA,NA,NA,NA,NA,NA,NA,"Oil Added ; Not Prev-Oiled Inoc",1039
"R29-J17","S5_R29_J17",7.61,"S5","Root","2019-06-11","Exp. Sample","29","Y","Not Prev-Oiled Inoc","Oil Added","3","4","J17","Non-Growing",64.9,4.386,7,84,NA,NA,NA,NA,7.83,1.4,NA,NA,"R29-J17",NA,0.4888192266,40.23680878,82.3142924632253,NA,NA,NA,NA,NA,NA,NA,NA,NA,NA,NA,NA,NA,NA,NA,NA,"Oil Added ; Not Prev-Oiled Inoc",1039
"R29-J18","S5_R29_J18",7.96,"S5","Root","2019-06-18","Exp. Sample","29","Y","Not Prev-Oiled Inoc","Oil Added","3","4","J18","Non-Growing",45.815,3.345,3,98,24,NA,NA,NA,7.56,0.65,NA,NA,"R29-J18",NA,0.6417255998,38.50901985,60.0085454935906,137.46,12.47,160.26,64.19,116.4,374.38,0.310914044553662,NA,NA,NA,NA,NA,NA,NA,NA,NA,"Oil Added ; Not Prev-Oiled Inoc",1039
"R30-J18","S5_R30_J18",6.14,"S5","Root","2019-06-18","Exp. Sample","30","Y","Not Prev-Oiled Inoc","No Oil Added","3","4","J18","Non-Growing",47.81,4.465,3,92,7,NA,NA,NA,7.19,0.83,NA,NA,"R30-J18",NA,0.4917185754,38.81236458,78.9320691178428,159.39,0.699999999999996,372.5,16.9,137.41,549.49,0.250068245100002,NA,NA,NA,NA,NA,NA,NA,NA,NA,"No Oil Added ; Not Prev-Oiled Inoc",1039
"R47-J17","S5_R47_J17",6.54,"S5","Root","2019-06-11","Exp. Sample","47","Y","Prev-Oiled Inoc.","Oil Added","2","1","J17","Non-Growing",58.425,4.732,5,59,NA,NA,NA,NA,7.12,3.31,NA,NA,"R47-J17",NA,0.5183389485,39.31501007,75.8480723545319,NA,NA,NA,NA,NA,NA,NA,NA,NA,NA,NA,NA,NA,NA,NA,NA,"Oil Added ; Prev-Oiled Inoc.",1039
"R47-J18","S5_R47_J18",5.64,"S5","Root","2019-07-10","Exp. Sample","47","Y","Prev-Oiled Inoc.","Oil Added","2","1","J18","Non-Growing",50.935,3.6,4,93,68,NA,NA,NA,6.69,0.65,NA,NA,"R47-J18",NA,0.6890634,43.70673561,63.4291933224142,96.61,32.96,324.96,119.87,156.2,574.4,0.271935933147632,NA,NA,NA,NA,NA,NA,NA,NA,NA,"Oil Added ; Prev-Oiled Inoc.",1039
"R49-J17","S5_R49_J17",6.48,"S5","Root","2019-06-11","Exp. Sample","49","Y","Prev-Oiled Inoc.","No Oil Added","3","1","J17","Non-Growing",54.725,3.67578947368421,6,85,NA,NA,NA,NA,7.09,3.11,NA,NA,"R49-J17",NA,0.5761264265,38.90054131,67.5208418164793,NA,NA,NA,NA,NA,NA,NA,NA,NA,NA,NA,NA,NA,NA,NA,NA,"No Oil Added ; Prev-Oiled Inoc.",1039
"R49-J18","S5_R49_J18",7.78,"S5","Root","2019-07-10","Exp. Sample","49","Y","Prev-Oiled Inoc.","No Oil Added","3","1","J18","Non-Growing",52.275,3.185,5,102,11,NA,NA,NA,7.05,0.61,NA,NA,"R49-J18",NA,0.6890732348,46.6709671,67.7300535603389,144.26,4.39,255.99,20,162.26,424.64,0.382111906556142,NA,NA,NA,NA,NA,NA,NA,NA,NA,"No Oil Added ; Prev-Oiled Inoc.",1039
"R60-J17","S5_R60_J17",7.44,"S5","Root","2019-06-11","Exp. Sample","60","Y","Prev-Oiled Inoc.","Oil Added","3","3","J17","Non-Growing",70.225,4.8625,6,74,NA,NA,NA,NA,7.28,1.92,NA,NA,"R60-J17",NA,0.5878077447,37.70062256,64.137675796091,NA,NA,NA,NA,NA,NA,NA,NA,NA,NA,NA,NA,NA,NA,NA,NA,"Oil Added ; Prev-Oiled Inoc.",1039
"R60-J18","S5_R60_J18",4.44,"S5","Root","2019-07-10","Exp. Sample","60","Y","Prev-Oiled Inoc.","Oil Added","3","3","J18","Non-Growing",56.015,4.145,3,83,62,NA,NA,NA,7.17,0.76,NA,NA,"R60-J18",NA,0.6029662788,36.7546463,60.9563877654115,110,44.39,232.55,166.55,140.31,553.49,0.253500514914452,NA,NA,NA,NA,NA,NA,NA,NA,NA,"Oil Added ; Prev-Oiled Inoc.",1039
"R60-N17","S5_R60_N17",5.12,"S5","Root","2019-06-18","Exp. Sample","60","Y","Prev-Oiled Inoc.","Oil Added","3","3","N17","Growing",78.05,5.505,9,71,NA,4,1.1,0.275,7.02,2.16,NA,NA,"R60-N17",NA,0.5590001941,35.73952675,63.9347304834863,NA,NA,NA,NA,NA,NA,NA,NA,NA,NA,NA,NA,NA,NA,NA,NA,"Oil Added ; Prev-Oiled Inoc.",1039
"R66-J17","S5_R66_J17",6.85,"S5","Root","2019-06-11","Exp. Sample","66","Y","Prev-Oiled Inoc.","No Oil Added","4","3","J17","Non-Growing",62.575,4.6195,6,63,NA,NA,NA,NA,6.84,1.21,NA,NA,"R66-J17",NA,0.5447886586,36.89083862,67.7158711688349,NA,NA,NA,NA,NA,NA,NA,NA,NA,NA,NA,NA,NA,NA,NA,NA,"No Oil Added ; Prev-Oiled Inoc.",1039
"R66-J18","S5_R66_J18",7.33,"S5","Root","2019-07-10","Exp. Sample","66","Y","Prev-Oiled Inoc.","No Oil Added","4","3","J18","Non-Growing",42.785,3.54,3,107,23,NA,NA,NA,6.7,0.6,NA,NA,"R66-J18",NA,0.5776447058,35.32856178,61.1596738016879,134.94,7.03,231.18,27.6,83.27,400.75,0.207785402370555,NA,NA,NA,NA,NA,NA,NA,NA,NA,"No Oil Added ; Prev-Oiled Inoc.",1039
"R68-J17","S5_R68_J17",8.64,"S5","Root","2019-06-11","Exp. Sample","68","Y","Prev-Oiled Inoc.","No Oil Added","1","4","J17","Non-Growing",102.7,4.4075,5,76,NA,NA,NA,NA,6.74,2.75,NA,NA,"R68-J17",NA,0.5815612078,39.83872986,68.5030729795523,NA,NA,NA,NA,NA,NA,NA,NA,NA,NA,NA,NA,NA,NA,NA,NA,"No Oil Added ; Prev-Oiled Inoc.",1039
"R68-J18","S5_R68_J18",7.51,"S5","Root","2019-07-10","Exp. Sample","68","Y","Prev-Oiled Inoc.","No Oil Added","1","4","J18","Non-Growing",44.36,4.205,4,109,14,NA,NA,NA,7.28,0.68,NA,NA,"R68-J18",NA,0.5684012473,37.51023293,65.992523957644,123.79,6.53,212.99,20.89,118.65,364.2,0.325782537067545,NA,NA,NA,NA,NA,NA,NA,NA,NA,"No Oil Added ; Prev-Oiled Inoc.",1039
"R69-J17","S5_R69_J17",7,"S5","Root","2019-07-10","Exp. Sample","69","Y","Prev-Oiled Inoc.","Oil Added","1","4","J17","Non-Growing",73.475,5.251,7,49,NA,NA,NA,NA,7.19,3.12,NA,NA,"R69-J17",NA,0.5451671481,36.24645233,66.486860876201,NA,NA,NA,NA,NA,NA,NA,NA,NA,NA,NA,NA,NA,NA,NA,NA,"Oil Added ; Prev-Oiled Inoc.",1039
"R69-J18","S5_R69_J18",6,"S5","Root","2019-07-10","Exp. Sample","69","Y","Prev-Oiled Inoc.","Oil Added","1","4","J18","Non-Growing",68.135,4.86,5,68,28,NA,NA,NA,7.38,0.6,NA,NA,"R69-J18",NA,0.4786236882,37.72091866,78.8112239113367,127.55,28.04,151.95,78.11,122.1,385.65,0.31660832360949,NA,NA,NA,NA,NA,NA,NA,NA,NA,"Oil Added ; Prev-Oiled Inoc.",1039
"R8-J18","S5_R08_J18",6.01,"S5","Root","2019-06-18","Exp. Sample","8","Y","Not Prev-Oiled Inoc","No Oil Added","3","1","J18","Non-Growing",67.425,4.815,5,93,7,NA,NA,NA,7.38,0.61,NA,NA,"R8-J18",NA,0.4251374006,27.4213829,64.5000483638936,169.32,1.12,257.46,13.72,232.76,441.62,0.527059462886645,0.6,3.1757,0.1503,2.0251,0.2303,0.77,0.163316309898946,0.724517906336088,0.230230930720784,"No Oil Added ; Not Prev-Oiled Inoc",1039
"R8-N17","S5_R08_N17",6.56,"S5","Root","2019-07-10","Exp. Sample","8","Y","Not Prev-Oiled Inoc","No Oil Added","3","1","N17","Growing",93.65,5.835,11,53,NA,9,2.74,0.304444444444444,7.81,2.54,NA,NA,"R8-N17",NA,0.4447642565,38.7665844,87.1620950502348,NA,NA,NA,NA,NA,NA,NA,NA,NA,NA,NA,NA,NA,NA,NA,NA,"No Oil Added ; Not Prev-Oiled Inoc",1039
"R9-J17","S5_R09_J17",5.94,"S5","Root","2019-07-10","Exp. Sample","9","Y","Not Prev-Oiled Inoc","Oil Added","4","1","J17","Non-Growing",59.625,4.4575,4,59,NA,NA,NA,NA,6.94,2.86,NA,NA,"R9-J17",NA,0.6505508721,34.63684845,53.2423365111957,NA,NA,NA,NA,NA,NA,NA,NA,NA,NA,NA,NA,NA,NA,NA,NA,"Oil Added ; Not Prev-Oiled Inoc",1039
"R9-J18","S5_R09_J18",5.34,"S5","Root","2019-06-18","Exp. Sample","9","Y","Not Prev-Oiled Inoc","Oil Added","4","1","J18","Non-Growing",43.85,3.51,4,74,30,NA,NA,NA,8.04,0.66,NA,NA,"R9-J18",NA,0.5204717517,30.10464191,57.8410678613588,103.9,7.1,187,38.6,143.85,336.6,0.427361853832442,NA,NA,NA,NA,NA,NA,NA,NA,NA,"Oil Added ; Not Prev-Oiled Inoc",1039
"S19-J17","S5_S19_J17",3.67,"S5","Soil","2018-11-06","Exp. Sample","19","Y","Not Prev-Oiled Inoc","No Oil Added","2","3","J17","Non-Growing",54.75,4.6525,5,58,NA,NA,NA,NA,6.98,1.77,NA,NA,"S19-J17",NA,NA,NA,NA,NA,NA,NA,NA,NA,NA,NA,0.25,0.9009,0.1203,0.0102,4e-04,0.77,0.135122992249803,0.0130735708792617,0.000519210799584631,"No Oil Added ; Not Prev-Oiled Inoc",1039
"S19-J18","S5_S19_J18",4.95,"S5","Soil","2018-11-19","Exp. Sample","19","Y","Not Prev-Oiled Inoc","No Oil Added","2","3","J18","Non-Growing",41.06,3.5925,3,121,18,NA,NA,NA,6.78,0.8,NA,NA,"S19-J18",NA,NA,NA,NA,107.5,1.4,142.17,26.63,70.2,277.7,0.252790781418797,0.06,2.0407,0.5202,0.0201,4e-04,1.5,0.257499257499258,0.0132228142885336,0.000266595574513463,"No Oil Added ; Not Prev-Oiled Inoc",1039
"S19-N16","S5_S19_N16",5.89,"S5","Soil","2018-10-24","Exp. Sample","19","Y","Not Prev-Oiled Inoc","No Oil Added","2","3","N16","Growing",42.164,3.01333333333333,6,33,NA,0,0,0,6.9,1.88,NA,NA,"S19-N16",NA,NA,NA,NA,NA,NA,NA,NA,NA,NA,NA,0.01,0.0212,0.0103,0.0102,4e-04,3e-04,0.971698113207547,0.971428571428571,0.571428571428571,"No Oil Added ; Not Prev-Oiled Inoc",1039
"S19-N17","S5_S19_N17",5.6,"S5","Soil","2018-11-14","Exp. Sample","19","Y","Not Prev-Oiled Inoc","No Oil Added","2","3","N17","Growing",60.85,3.71,11,68,NA,1,0.08,0.08,7.16,1.93,NA,NA,"S19-N17",NA,NA,NA,NA,NA,NA,NA,NA,NA,NA,NA,0.04,0.1811,0.1603,0.0201,4e-04,3e-04,0.99813200498132,0.985294117647059,0.571428571428571,"No Oil Added ; Not Prev-Oiled Inoc",1039
"S21-J17","S5_S21_J17",4.79,"S5","Soil","2018-11-06","Exp. Sample","21","N","Not Prev-Oiled Inoc","No Oil Added","2","3","J17","Non-Growing",NA,NA,NA,NA,NA,NA,NA,NA,7.3,0.93,NA,NA,"S21-J17",NA,NA,NA,NA,NA,NA,NA,NA,NA,NA,NA,0.15,0.901,0.1203,3e-04,4e-04,0.78,0.133622125958014,0.000384467512495194,0.000512557662737058,"No Oil Added ; Not Prev-Oiled Inoc",1039
"S21-J18","S5_S21_J18",6.46,"S5","Soil","2018-11-19","Exp. Sample","21","N","Not Prev-Oiled Inoc","No Oil Added","2","3","J18","Non-Growing",NA,NA,NA,NA,NA,NA,NA,NA,8.56,0.61,NA,NA,"S21-J18",NA,NA,NA,NA,NA,NA,NA,NA,NA,NA,NA,0.41,0.1412,0.1303,0.0102,4e-04,3e-04,0.99770290964778,0.971428571428571,0.571428571428571,"No Oil Added ; Not Prev-Oiled Inoc",1039
"S21-N16","S5_S21_N16",6.44,"S5","Soil","2018-10-24","Exp. Sample","21","N","Not Prev-Oiled Inoc","No Oil Added","2","3","N16","Growing",NA,NA,NA,NA,NA,NA,NA,NA,7.21,1.86,NA,NA,"S21-N16",NA,NA,NA,NA,NA,NA,NA,NA,NA,NA,NA,0.01,0.0312,0.0103,0.0202,4e-04,3e-04,0.971698113207547,0.985365853658536,0.571428571428571,"No Oil Added ; Not Prev-Oiled Inoc",1039
"S21-N17","S5_S21_N17",7.6,"S5","Soil","2018-11-14","Exp. Sample","21","N","Not Prev-Oiled Inoc","No Oil Added","2","3","N17","Growing",NA,NA,NA,NA,NA,NA,NA,NA,8.38,1.18,NA,NA,"S21-N17",NA,NA,NA,NA,NA,NA,NA,NA,NA,NA,NA,0.18,0.1313,0.1303,3e-04,4e-04,3e-04,0.99770290964778,0.5,0.571428571428571,"No Oil Added ; Not Prev-Oiled Inoc",1039
"S22-J17","S5_S22_J17",5.42,"S5","Soil","2018-11-06","Exp. Sample","22","N","Not Prev-Oiled Inoc","Oil Added","3","3","J17","Non-Growing",NA,NA,NA,NA,NA,NA,NA,NA,7.43,0.88,NA,NA,"S22-J17",NA,NA,NA,NA,NA,NA,NA,NA,NA,NA,NA,3.31,138.4101,39.16,19.7001,74.64,4.91,0.888586339913774,0.800488417357101,0.938277812696417,"Oil Added ; Not Prev-Oiled Inoc",1039
"S22-J18","S5_S22_J18",5.15,"S5","Soil","2018-11-19","Exp. Sample","22","N","Not Prev-Oiled Inoc","Oil Added","3","3","J18","Non-Growing",NA,NA,NA,NA,NA,NA,NA,NA,8.52,0.6,NA,NA,"S22-J18",NA,NA,NA,NA,NA,NA,NA,NA,NA,NA,NA,2.94,126.58,28.17,23.48,69.49,5.44,0.838143409699494,0.811894882434302,0.927398905645269,"Oil Added ; Not Prev-Oiled Inoc",1039
"S22-N16","S5_S22_N16",6.75,"S5","Soil","2018-10-24","Exp. Sample","22","N","Not Prev-Oiled Inoc","Oil Added","3","3","N16","Growing",NA,NA,NA,NA,NA,NA,NA,NA,7.3,1.62,NA,NA,"S22-N16",NA,NA,NA,NA,NA,NA,NA,NA,NA,NA,NA,0.62,391.05,66.17,43.44,257.69,23.75,0.735876334519573,0.646524780473285,0.915612563956794,"Oil Added ; Not Prev-Oiled Inoc",1039
"S22-N17","S5_S22_N17",6.11,"S5","Soil","2018-11-14","Exp. Sample","22","N","Not Prev-Oiled Inoc","Oil Added","3","3","N17","Growing",NA,NA,NA,NA,NA,NA,NA,NA,8.89,1.34,NA,NA,"S22-N17",NA,NA,NA,NA,NA,NA,NA,NA,NA,NA,NA,4.7,206.0505,75.2,6.4802,124.37,3e-04,0.999996010654213,0.999953707275673,0.999997587848546,"Oil Added ; Not Prev-Oiled Inoc",1039
"S23-J17","S5_S23_J17",5.18,"S5","Soil","2018-11-06","Exp. Sample","23","N","Not Prev-Oiled Inoc","Oil Added","2","4","J17","Non-Growing",NA,NA,NA,NA,NA,NA,NA,NA,7.06,1.01,NA,NA,"S23-J17",NA,NA,NA,NA,NA,NA,NA,NA,NA,NA,NA,9.97,513.76,158.03,93.4,248.99,13.34,0.922156736885102,0.875023421397789,0.949148019669881,"Oil Added ; Not Prev-Oiled Inoc",1039
"S23-J18","S5_S23_J18",5.75,"S5","Soil","2018-11-19","Exp. Sample","23","N","Not Prev-Oiled Inoc","Oil Added","2","4","J18","Non-Growing",NA,NA,NA,NA,NA,NA,NA,NA,8.23,0.65,NA,NA,"S23-J18",NA,NA,NA,NA,NA,NA,NA,NA,NA,NA,NA,1.74,109.1403,33.61,15.6101,58.59,1.3302,0.961929239099948,0.921477187535049,0.97780047463126,"Oil Added ; Not Prev-Oiled Inoc",1039
"S23-N16","S5_S23_N16",5.68,"S5","Soil","2018-10-24","Exp. Sample","23","N","Not Prev-Oiled Inoc","Oil Added","2","4","N16","Growing",NA,NA,NA,NA,NA,NA,NA,NA,7.08,1.92,NA,NA,"S23-N16",NA,NA,NA,NA,NA,NA,NA,NA,NA,NA,NA,0.57,607.85,100.02,74.24,398.35,35.24,0.739464734585243,0.67811472415053,0.91872506284739,"Oil Added ; Not Prev-Oiled Inoc",1039
"S23-N17","S5_S23_N17",6.53,"S5","Soil","2018-11-14","Exp. Sample","23","N","Not Prev-Oiled Inoc","Oil Added","2","4","N17","Growing",NA,NA,NA,NA,NA,NA,NA,NA,8.02,1.47,NA,NA,"S23-N17",NA,NA,NA,NA,NA,NA,NA,NA,NA,NA,NA,3.57,96.7306,37.2,3.3902,56.1401,3e-04,0.999991935548907,0.999911517475299,0.999994656254676,"Oil Added ; Not Prev-Oiled Inoc",1039
"S27-J17","S5_S27_J17",6.21,"S5","Soil","2018-11-06","Exp. Sample","27","Y","Not Prev-Oiled Inoc","Oil Added","3","3","J17","Non-Growing",80.9,5.403,6,59,NA,NA,NA,NA,7.09,3.34,NA,NA,"S27-J17",NA,NA,NA,NA,NA,NA,NA,NA,NA,NA,NA,13.34,593.23,172.37,109.54,291.78,19.54,0.898181439216299,0.848621010226216,0.937234999357574,"Oil Added ; Not Prev-Oiled Inoc",1039
"S27-J18","S5_S27_J18",6.07,"S5","Soil","2018-11-19","Exp. Sample","27","Y","Not Prev-Oiled Inoc","Oil Added","3","3","J18","Non-Growing",60.25,4.575,5,82,37,NA,NA,NA,7.42,1.01,NA,NA,"S27-J18",NA,NA,NA,NA,116.61,21.87,390.99,120,208.85,649.47,0.321569895453216,1.03,1.2908,0.1203,0.2701,0.9001,3e-04,0.997512437810945,0.998890532544379,0.999666814749,"Oil Added ; Not Prev-Oiled Inoc",1039
"S27-N16","S5_S27_N16",9.33,"S5","Soil","2018-10-24","Exp. Sample","27","Y","Not Prev-Oiled Inoc","Oil Added","3","3","N16","Growing",108.204,4.77333333333333,6,30,NA,15,6.46,0.430666666666667,6.84,2.13,NA,NA,"S27-N16",NA,NA,NA,NA,NA,NA,NA,NA,NA,NA,NA,0.71,649.59,102.98,73.28,438.05,35.28,0.744828583827571,0.675018422991894,0.925464263832844,"Oil Added ; Not Prev-Oiled Inoc",1039
"S27-N17","S5_S27_N17",6.65,"S5","Soil","2018-11-14","Exp. Sample","27","Y","Not Prev-Oiled Inoc","Oil Added","3","3","N17","Growing",112.9,5.295,12,64,NA,17,2.8,0.164705882352941,7.97,2.06,NA,NA,"S27-N17",NA,NA,NA,NA,NA,NA,NA,NA,NA,NA,NA,8.55,51.2503,12.54,8.8401,24.9001,4.9701,0.716158103037675,0.640113828909067,0.833610086306754,"Oil Added ; Not Prev-Oiled Inoc",1039
"S29-J17","S5_S29_J17",6.26,"S5","Soil","2018-11-06","Exp. Sample","29","Y","Not Prev-Oiled Inoc","Oil Added","3","4","J17","Non-Growing",64.9,4.386,7,84,NA,NA,NA,NA,7.83,1.4,NA,NA,"S29-J17",NA,NA,NA,NA,NA,NA,NA,NA,NA,NA,NA,11.91,318.08,75.17,64.09,162.63,16.19,0.822788966725044,0.798330842052815,0.909462028855833,"Oil Added ; Not Prev-Oiled Inoc",1039
"S29-J18","S5_S29_J18",0.864,"S5","Soil","2018-11-19","Exp. Sample","29","Y","Not Prev-Oiled Inoc","Oil Added","3","4","J18","Non-Growing",45.815,3.345,3,98,24,NA,NA,NA,7.56,0.65,NA,NA,"S29-J18",NA,NA,NA,NA,137.46,12.47,160.26,64.19,116.4,374.38,0.310914044553662,0.14,0.3812,0.1303,3e-04,4e-04,0.2502,0.342444152431012,0.00119760479041916,0.00159616919393456,"Oil Added ; Not Prev-Oiled Inoc",1039
"S29-N16","S5_S29_N16",5.95,"S5","Soil","2018-10-24","Exp. Sample","29","Y","Not Prev-Oiled Inoc","Oil Added","3","4","N16","Growing",88.9,4.97333333333333,6,33,NA,14,9.44,0.674285714285714,6.95,2.62,NA,NA,"S29-N16",NA,NA,NA,NA,NA,NA,NA,NA,NA,NA,NA,0.54,455.08,76.04,62.78,288.99,27.27,0.736037169683477,0.697168239866741,0.913773477518497,"Oil Added ; Not Prev-Oiled Inoc",1039
"S29-N17","S5_S29_N17",4.88,"S5","Soil","2018-11-14","Exp. Sample","29","Y","Not Prev-Oiled Inoc","Oil Added","3","4","N17","Growing",79.75,3.73,11,74,NA,13,2.28,0.175384615384615,7.39,2.5,NA,NA,"S29-N17",NA,NA,NA,NA,NA,NA,NA,NA,NA,NA,NA,1.01,2.1507,0.1103,0.0601,1.0102,0.9701,0.102091817845243,0.0583381867598525,0.510124728576478,"Oil Added ; Not Prev-Oiled Inoc",1039
"S30-J17","S5_S30_J17",4.47,"S5","Soil","2018-11-06","Exp. Sample","30","Y","Not Prev-Oiled Inoc","No Oil Added","3","4","J17","Non-Growing",74.425,4.7325,6,90,NA,NA,NA,NA,7.22,3.21,NA,NA,"S30-J17",NA,NA,NA,NA,NA,NA,NA,NA,NA,NA,NA,0.09,1.3805,0.1502,0.3,0.1403,0.79,0.15975324399064,0.275229357798165,0.150811566161453,"No Oil Added ; Not Prev-Oiled Inoc",1039
"S30-J18","S5_S30_J18",5.29,"S5","Soil","2018-11-19","Exp. Sample","30","Y","Not Prev-Oiled Inoc","No Oil Added","3","4","J18","Non-Growing",47.81,4.465,3,92,7,NA,NA,NA,7.19,0.83,NA,NA,"S30-J18",NA,NA,NA,NA,159.39,0.699999999999996,372.5,16.9,137.41,549.49,0.250068245100002,0.88,2.7405,0.1103,0.0301,1.3401,1.26,0.080493322630081,0.0233315246880087,0.515403253721011,"No Oil Added ; Not Prev-Oiled Inoc",1039
"S30-N16","S5_S30_N16",6.56,"S5","Soil","2018-10-24","Exp. Sample","30","Y","Not Prev-Oiled Inoc","No Oil Added","3","4","N16","Growing",132.08,4.49333333333333,7,48,NA,16,6.67,0.416875,6.88,2.06,NA,NA,"S30-N16",NA,NA,NA,NA,NA,NA,NA,NA,NA,NA,NA,0,0.0412,0.0203,0.0202,4e-04,3e-04,0.985436893203883,0.985365853658536,0.571428571428571,"No Oil Added ; Not Prev-Oiled Inoc",1039
"S30-N17","S5_S30_N17",6.23,"S5","Soil","2018-11-14","Exp. Sample","30","Y","Not Prev-Oiled Inoc","No Oil Added","3","4","N17","Growing",81.1,4.005,13,73,NA,7,0.7,0.1,7.58,2.01,NA,NA,"S30-N17",NA,NA,NA,NA,NA,NA,NA,NA,NA,NA,NA,0.07,0.1213,0.1203,3e-04,4e-04,3e-04,0.997512437810945,0.5,0.571428571428571,"No Oil Added ; Not Prev-Oiled Inoc",1039
"S31-J17","S5_S31_J17",6.68,"S5","Soil","2018-11-06","Exp. Sample","31","N","Not Prev-Oiled Inoc","No Oil Added","4","4","J17","Non-Growing",NA,NA,NA,NA,NA,NA,NA,NA,8.45,0.87,NA,NA,"S31-J17",NA,NA,NA,NA,NA,NA,NA,NA,NA,NA,NA,0.05,3.4304,0.1603,0.21,2.2601,0.8,0.166927001978548,0.207920792079208,0.73857063494657,"No Oil Added ; Not Prev-Oiled Inoc",1039
"S31-J18","S5_S31_J18",9.18,"S5","Soil","2018-11-27","Exp. Sample","31","N","Not Prev-Oiled Inoc","No Oil Added","4","4","J18","Non-Growing",NA,NA,NA,NA,NA,NA,NA,NA,9.38,0.42,NA,NA,"S31-J18",NA,NA,NA,NA,NA,NA,NA,NA,NA,NA,NA,0.17,1.8157,0.1203,1.0351,0.0303,0.63,0.160335865653739,0.621644345684944,0.0458882326215357,"No Oil Added ; Not Prev-Oiled Inoc",1039
"S31-N16","S5_S31_N16",4.99,"S5","Soil","2018-10-24","Exp. Sample","31","N","Not Prev-Oiled Inoc","No Oil Added","4","4","N16","Growing",NA,NA,NA,NA,NA,NA,NA,NA,7.25,1.6,NA,NA,"S31-N16",NA,NA,NA,NA,NA,NA,NA,NA,NA,NA,NA,0.03,0.5609,0.0302,0.0802,0.4502,3e-04,0.990163934426229,0.996273291925466,0.999334073251942,"No Oil Added ; Not Prev-Oiled Inoc",1039
"S31-N17","S5_S31_N17",5.62,"S5","Soil","2018-11-14","Exp. Sample","31","N","Not Prev-Oiled Inoc","No Oil Added","4","4","N17","Growing",NA,NA,NA,NA,NA,NA,NA,NA,9.16,1.45,NA,NA,"S31-N17",NA,NA,NA,NA,NA,NA,NA,NA,NA,NA,NA,0.13,2.4406,0.2302,0.0601,1.8901,0.2602,0.469412724306688,0.187636590696222,0.878993628795982,"No Oil Added ; Not Prev-Oiled Inoc",1039
"S3-J17","S5_S03_J17",6.4,"S5","Soil","2018-11-06","Exp. Sample","3","N","Not Prev-Oiled Inoc","No Oil Added","3","1","J17","Non-Growing",NA,NA,NA,NA,NA,NA,NA,NA,8.71,0.74,NA,NA,"S3-J17",NA,NA,NA,NA,NA,NA,NA,NA,NA,NA,NA,0.11,1.2207,0.1003,0.0201,0.3203,0.78,0.113938430080654,0.0251218597675291,0.291102426610924,"No Oil Added ; Not Prev-Oiled Inoc",1039
"S3-J18","S5_S03_J18",5.68,"S5","Soil","2018-11-19","Exp. Sample","3","N","Not Prev-Oiled Inoc","No Oil Added","3","1","J18","Non-Growing",NA,NA,NA,NA,NA,NA,NA,NA,8.28,0.6,NA,NA,"S3-J18",NA,NA,NA,NA,NA,NA,NA,NA,NA,NA,NA,0.12,0.7608,0.2201,0.0302,4e-04,0.5101,0.301424267324021,0.0558948732185823,0.000783545543584721,"No Oil Added ; Not Prev-Oiled Inoc",1039
"S3-N16","S5_S03_N16",7.1,"S5","Soil","2017-10-10","Exp. Sample","3","N","Not Prev-Oiled Inoc","No Oil Added","3","1","N16","Growing",NA,NA,NA,NA,NA,NA,NA,NA,8.3,1.12,NA,NA,"S3-N16",NA,NA,NA,NA,NA,NA,NA,NA,NA,NA,NA,0,1.411,0.0103,0.0102,1.3902,3e-04,0.971698113207547,0.971428571428571,0.999784250269687,"No Oil Added ; Not Prev-Oiled Inoc",1039
"S3-N17","S5_S03_N17",5.13,"S5","Soil","2018-11-14","Exp. Sample","3","N","Not Prev-Oiled Inoc","No Oil Added","3","1","N17","Growing",NA,NA,NA,NA,NA,NA,NA,NA,9,1.43,NA,NA,"S3-N17",NA,NA,NA,NA,NA,NA,NA,NA,NA,NA,NA,0.09,0.6608,0.1103,0.1101,0.1802,0.2602,0.297705802968961,0.297326492033486,0.409173478655768,"No Oil Added ; Not Prev-Oiled Inoc",1039
"S42-J17","S5_S42_J17",1.82,"S5","Soil","2018-11-19","Exp. Sample","42","N","Prev-Oiled Inoc.","Oil Added","2","1","J17","Non-Growing",NA,NA,NA,NA,NA,NA,NA,NA,7.11,1.26,NA,NA,"S42-J17",NA,NA,NA,NA,NA,NA,NA,NA,NA,NA,NA,NA,NA,NA,NA,NA,NA,NA,NA,NA,"Oil Added ; Prev-Oiled Inoc.",1039
"S42-J18","S5_S42_J18",4.8,"S5","Soil","2018-11-27","Exp. Sample","42","N","Prev-Oiled Inoc.","Oil Added","2","1","J18","Non-Growing",NA,NA,NA,NA,NA,NA,NA,NA,7.68,0.5,NA,NA,"S42-J18",NA,NA,NA,NA,NA,NA,NA,NA,NA,NA,NA,1.807,2.0287,0.1433,0.1301,0.0653,1.69,0.0781650575465008,0.0714795890335696,0.0372016179570444,"Oil Added ; Prev-Oiled Inoc.",1039
"S42-N16","S5_S42_N16",6.15,"S5","Soil","2018-10-24","Exp. Sample","42","N","Prev-Oiled Inoc.","Oil Added","2","1","N16","Growing",NA,NA,NA,NA,NA,NA,NA,NA,7.12,2.44,NA,NA,"S42-N16",NA,NA,NA,NA,NA,NA,NA,NA,NA,NA,NA,2.68,2697.11,300.17,284.74,1991.96,120.24,0.713993482552746,0.703096449207368,0.943073572578354,"Oil Added ; Prev-Oiled Inoc.",1039
"S42-N17","S5_S42_N17",5.01,"S5","Soil","2018-11-06","Exp. Sample","42","N","Prev-Oiled Inoc.","Oil Added","2","1","N17","Growing",NA,NA,NA,NA,NA,NA,NA,NA,7.95,1.68,NA,NA,"S42-N17",NA,NA,NA,NA,NA,NA,NA,NA,NA,NA,NA,10.15,208.0201,66.5,28.8901,102.27,10.36,0.865209471766849,0.736051627893942,0.908017402113114,"Oil Added ; Prev-Oiled Inoc.",1039
"S44-J17","S5_S44_J17",4.07,"S5","Soil","2018-11-19","Exp. Sample","44","N","Prev-Oiled Inoc.","No Oil Added","4","1","J17","Non-Growing",NA,NA,NA,NA,NA,NA,NA,NA,7.42,0.98,NA,NA,"S44-J17",NA,NA,NA,NA,NA,NA,NA,NA,NA,NA,NA,NA,NA,NA,NA,NA,NA,NA,NA,NA,"No Oil Added ; Prev-Oiled Inoc.",1039
"S44-J18","S5_S44_J18",5.27,"S5","Soil","2018-11-14","Exp. Sample","44","N","Prev-Oiled Inoc.","No Oil Added","4","1","J18","Non-Growing",NA,NA,NA,NA,NA,NA,NA,NA,7.83,0.56,NA,NA,"S44-J18",NA,NA,NA,NA,NA,NA,NA,NA,NA,NA,NA,2.49,1.7808,0.1103,0.0102,0.0903,1.57,0.0656430399333452,0.00645487912922415,0.0543877612479672,"No Oil Added ; Prev-Oiled Inoc.",1039
"S44-N16","S5_S44_N16",5.68,"S5","Soil","2018-10-24","Exp. Sample","44","N","Prev-Oiled Inoc.","No Oil Added","4","1","N16","Growing",NA,NA,NA,NA,NA,NA,NA,NA,7.12,1.35,NA,NA,"S44-N16",NA,NA,NA,NA,NA,NA,NA,NA,NA,NA,NA,0.13,4.3702,0.1901,0.3601,2.45,1.37,0.121851163386962,0.208138257904167,0.641361256544503,"No Oil Added ; Prev-Oiled Inoc.",1039
"S44-N17","S5_S44_N17",5.6,"S5","Soil","2018-11-06","Exp. Sample","44","N","Prev-Oiled Inoc.","No Oil Added","4","1","N17","Growing",NA,NA,NA,NA,NA,NA,NA,NA,8.15,1.49,NA,NA,"S44-N17",NA,NA,NA,NA,NA,NA,NA,NA,NA,NA,NA,5.4,11.8102,0.6201,2.0301,6.14,3.02,0.170352462844427,0.401992039761589,0.670305676855895,"No Oil Added ; Prev-Oiled Inoc.",1039
"S47-J17","S5_S47_J17",5.86,"S5","Soil","2018-11-19","Exp. Sample","47","Y","Prev-Oiled Inoc.","Oil Added","2","1","J17","Non-Growing",58.425,4.732,5,59,NA,NA,NA,NA,7.12,3.31,NA,NA,"S47-J17",NA,NA,NA,NA,NA,NA,NA,NA,NA,NA,NA,4.53,11.1402,0.7302,2.2,5.18,3.03,0.194191798308601,0.420650095602294,0.630937880633374,"Oil Added ; Prev-Oiled Inoc.",1039
"S47-J18","S5_S47_J18",4.68,"S5","Soil","2018-11-14","Exp. Sample","47","Y","Prev-Oiled Inoc.","Oil Added","2","1","J18","Non-Growing",50.935,3.6,4,93,68,NA,NA,NA,6.69,0.65,NA,NA,"S47-J18",NA,NA,NA,NA,96.61,32.96,324.96,119.87,156.2,574.4,0.271935933147632,2.79,6.5104,0.1103,0.2601,3.69,2.45,0.0430808889583252,0.095974318290838,0.600977198697068,"Oil Added ; Prev-Oiled Inoc.",1039
"S47-N16","S5_S47_N16",4.43,"S5","Soil","2018-10-24","Exp. Sample","47","Y","Prev-Oiled Inoc.","Oil Added","2","1","N16","Growing",62.992,5.1,6,36,NA,10,2.04,0.204,6.6,6.2,NA,NA,"S47-N16",NA,NA,NA,NA,NA,NA,NA,NA,NA,NA,NA,0.76,673.5,89.91,75.06,466.77,41.76,0.682843472317157,0.642526964560863,0.917880950976344,"Oil Added ; Prev-Oiled Inoc.",1039
"S47-N17","S5_S47_N17",6.37,"S5","Soil","2018-11-06","Exp. Sample","47","Y","Prev-Oiled Inoc.","Oil Added","2","1","N17","Growing",70.45,4.68,11,84,NA,0,0,0,7.92,1.86,NA,NA,"S47-N17",NA,NA,NA,NA,NA,NA,NA,NA,NA,NA,NA,7.7,11.1606,0.2402,2.0101,7.5101,1.4002,0.146427700560839,0.589420285605372,0.842856020560475,"Oil Added ; Prev-Oiled Inoc.",1039
"S49-J17","S5_S49_J17",8.61,"S5","Soil","2018-11-19","Exp. Sample","49","Y","Prev-Oiled Inoc.","No Oil Added","3","1","J17","Non-Growing",54.725,3.67578947368421,6,85,NA,NA,NA,NA,7.09,3.11,NA,NA,"S49-J17",NA,NA,NA,NA,NA,NA,NA,NA,NA,NA,NA,2.11,4.8103,0.2802,0.98,1.8601,1.69,0.142219064054411,0.367041198501873,0.523957071631785,"No Oil Added ; Prev-Oiled Inoc.",1039
"S49-J18","S5_S49_J18",6.26,"S5","Soil","2018-11-14","Exp. Sample","49","Y","Prev-Oiled Inoc.","No Oil Added","3","1","J18","Non-Growing",52.275,3.185,5,102,11,NA,NA,NA,7.05,0.61,NA,NA,"S49-J18",NA,NA,NA,NA,144.26,4.39,255.99,20,162.26,424.64,0.382111906556142,2.09,1.6307,0.1103,0.0201,0.0203,1.48,0.0693579827705464,0.0133991067262183,0.0135306272078918,"No Oil Added ; Prev-Oiled Inoc.",1039
"S49-N16","S5_S49_N16",8.96,"S5","Soil","2018-10-24","Exp. Sample","49","Y","Prev-Oiled Inoc.","No Oil Added","3","1","N16","Growing",89.916,4.97333333333333,7,38,NA,33,15.59,0.472424242424242,6.94,1.96,NA,NA,"S49-N16",NA,NA,NA,NA,NA,NA,NA,NA,NA,NA,NA,0.16,4.0601,0.28,0.2401,1.68,1.86,0.130841121495327,0.114327889148136,0.474576271186441,"No Oil Added ; Prev-Oiled Inoc.",1039
"S49-N17","S5_S49_N17",7.13,"S5","Soil","2018-11-06","Exp. Sample","49","Y","Prev-Oiled Inoc.","No Oil Added","3","1","N17","Growing",84.225,3.705,11,73,NA,37,5.42,0.146486486486486,6.94,2.16,NA,NA,"S49-N17",NA,NA,NA,NA,NA,NA,NA,NA,NA,NA,NA,3.89,4.2507,0.1203,0.8401,2.3801,0.9102,0.116739446870451,0.479974861452322,0.723368689785126,"No Oil Added ; Prev-Oiled Inoc.",1039
"S4-J17","S5_S04_J17",5.09,"S5","Soil","2018-11-06","Exp. Sample","4","N","Not Prev-Oiled Inoc","Oil Added","4","1","J17","Non-Growing",NA,NA,NA,NA,NA,NA,NA,NA,9.1,1.22,NA,NA,"S4-J17",NA,NA,NA,NA,NA,NA,NA,NA,NA,NA,NA,8.36,273.83,80.36,50.35,131.92,11.2,0.877675840978593,0.818034118602762,0.921743991056456,"Oil Added ; Not Prev-Oiled Inoc",1039
"S4-J18","S5_S04_J18",4.92,"S5","Soil","2018-11-19","Exp. Sample","4","N","Not Prev-Oiled Inoc","Oil Added","4","1","J18","Non-Growing",NA,NA,NA,NA,NA,NA,NA,NA,9.5,0.96,NA,NA,"S4-J18",NA,NA,NA,NA,NA,NA,NA,NA,NA,NA,NA,1.04,62.9504,16.72,9.6301,36.6,3e-04,0.999982057738198,0.999968848645955,0.999991803345874,"Oil Added ; Not Prev-Oiled Inoc",1039
"S4-N16","S5_S04_N16",6.44,"S5","Soil","2018-10-24","Exp. Sample","4","N","Not Prev-Oiled Inoc","Oil Added","4","1","N16","Growing",NA,NA,NA,NA,NA,NA,NA,NA,7.43,1.61,NA,NA,"S4-N16",NA,NA,NA,NA,NA,NA,NA,NA,NA,NA,NA,0.43,185.5,26.62,22.05,125.19,11.64,0.695765812859383,0.654496883348174,0.914930936198202,"Oil Added ; Not Prev-Oiled Inoc",1039
"S4-N17","S5_S04_N17",4.64,"S5","Soil","2018-11-14","Exp. Sample","4","N","Not Prev-Oiled Inoc","Oil Added","4","1","N17","Growing",NA,NA,NA,NA,NA,NA,NA,NA,9.28,1.54,NA,NA,"S4-N17",NA,NA,NA,NA,NA,NA,NA,NA,NA,NA,NA,1.54,53.3406,19.18,1.5402,32.6201,3e-04,0.999984358951633,0.999805258033106,0.999990803301002,"Oil Added ; Not Prev-Oiled Inoc",1039
"S60-J17","S5_S60_J17",6.91,"S5","Soil","2018-11-19","Exp. Sample","60","Y","Prev-Oiled Inoc.","Oil Added","3","3","J17","Non-Growing",70.225,4.8625,6,74,NA,NA,NA,NA,7.28,1.92,NA,NA,"S60-J17",NA,NA,NA,NA,NA,NA,NA,NA,NA,NA,NA,1.39,9.8501,1.5301,1.93,4.49,1.9,0.446080289204396,0.503916449086162,0.702660406885759,"Oil Added ; Prev-Oiled Inoc.",1039
"S60-J18","S5_S60_J18",6.91,"S5","Soil","2018-11-14","Exp. Sample","60","Y","Prev-Oiled Inoc.","Oil Added","3","3","J18","Non-Growing",56.015,4.145,3,83,62,NA,NA,NA,7.17,0.76,NA,NA,"S60-J18",NA,NA,NA,NA,110,44.39,232.55,166.55,140.31,553.49,0.253500514914452,1e-04,294.5207,55.1402,23.1201,216.2601,3e-04,0.999994559352926,0.999987024445944,0.999998612783478,"Oil Added ; Prev-Oiled Inoc.",1039
"S60-N16","S5_S60_N16",9.37,"S5","Soil","2018-10-24","Exp. Sample","60","Y","Prev-Oiled Inoc.","Oil Added","3","3","N16","Growing",122.428,5.30666666666667,8,24,NA,14,8,0.571428571428571,7.04,3.63,NA,NA,"S60-N16",NA,NA,NA,NA,NA,NA,NA,NA,NA,NA,NA,0.5,539.26,75.32,57.6,374.6,31.74,0.703530730431534,0.644728005372733,0.921888074026677,"Oil Added ; Prev-Oiled Inoc.",1039
"S60-N17","S5_S60_N17",7.58,"S5","Soil","2018-11-06","Exp. Sample","60","Y","Prev-Oiled Inoc.","Oil Added","3","3","N17","Growing",78.05,5.505,9,71,NA,4,1.1,0.275,7.02,2.16,NA,NA,"S60-N17",NA,NA,NA,NA,NA,NA,NA,NA,NA,NA,NA,2.27,7.5804,0.1502,1.3201,4.1501,1.96,0.071178087385082,0.402457242157251,0.679219652706175,"Oil Added ; Prev-Oiled Inoc.",1039
"S61-J17","S5_S61_J17",6.67,"S5","Soil","2018-11-19","Exp. Sample","61","N","Prev-Oiled Inoc.","Oil Added","4","3","J17","Non-Growing",NA,NA,NA,NA,NA,NA,NA,NA,7.46,0.87,NA,NA,"S61-J17",NA,NA,NA,NA,NA,NA,NA,NA,NA,NA,NA,12,220.1305,100.56,34.6601,81.1002,3.8102,0.963493410954468,0.900957361912956,0.955126816031958,"Oil Added ; Prev-Oiled Inoc.",1039
"S61-J18","S5_S61_J18",5.69,"S5","Soil","2018-11-14","Exp. Sample","61","N","Prev-Oiled Inoc.","Oil Added","4","3","J18","Non-Growing",NA,NA,NA,NA,NA,NA,NA,NA,7.43,0.83,NA,NA,"S61-J18",NA,NA,NA,NA,NA,NA,NA,NA,NA,NA,NA,1.87,32.45,9.07,5.1,15.82,2.46,0.78664353859497,0.674603174603175,0.865426695842451,"Oil Added ; Prev-Oiled Inoc.",1039
"S61-N16","S5_S61_N16",7.13,"S5","Soil","2018-10-24","Exp. Sample","61","N","Prev-Oiled Inoc.","Oil Added","4","3","N16","Growing",NA,NA,NA,NA,NA,NA,NA,NA,6.89,1.56,NA,NA,"S61-N16",NA,NA,NA,NA,NA,NA,NA,NA,NA,NA,NA,0.62,280.03,35.84,28.4,196.07,19.72,0.645068394528438,0.590191188694929,0.908614857036934,"Oil Added ; Prev-Oiled Inoc.",1039
"S61-N17","S5_S61_N17",4.1,"S5","Soil","2018-11-06","Exp. Sample","61","N","Prev-Oiled Inoc.","Oil Added","4","3","N17","Growing",NA,NA,NA,NA,NA,NA,NA,NA,8.98,1.04,NA,NA,"S61-N17",NA,NA,NA,NA,NA,NA,NA,NA,NA,NA,NA,13.6,155.5502,63.32,26.3701,56.97,8.8901,0.876885643421073,0.747871537881237,0.865015388679944,"Oil Added ; Prev-Oiled Inoc.",1039
"S62-J17","S5_S62_J17",6.29,"S5","Soil","2018-11-19","Exp. Sample","62","N","Prev-Oiled Inoc.","No Oil Added","4","3","J17","Non-Growing",NA,NA,NA,NA,NA,NA,NA,NA,8.34,0.81,NA,NA,"S62-J17",NA,NA,NA,NA,NA,NA,NA,NA,NA,NA,NA,1.73,4.4405,0.6601,0.9601,2.3801,0.4402,0.599927292556576,0.685638791687495,0.843917313760947,"No Oil Added ; Prev-Oiled Inoc.",1039
"S62-J18","S5_S62_J18",6.63,"S5","Soil","2018-11-14","Exp. Sample","62","N","Prev-Oiled Inoc.","No Oil Added","4","3","J18","Non-Growing",NA,NA,NA,NA,NA,NA,NA,NA,10.19,0.48,NA,NA,"S62-J18",NA,NA,NA,NA,NA,NA,NA,NA,NA,NA,NA,1,1.3307,0.1103,0.0601,0.0403,1.12,0.089652930179631,0.0509278874671638,0.0347323967939326,"No Oil Added ; Prev-Oiled Inoc.",1039
"S62-N16","S5_S62_N16",4.59,"S5","Soil","2018-10-24","Exp. Sample","62","N","Prev-Oiled Inoc.","No Oil Added","4","3","N16","Growing",NA,NA,NA,NA,NA,NA,NA,NA,7.13,1.66,NA,NA,"S62-N16",NA,NA,NA,NA,NA,NA,NA,NA,NA,NA,NA,0.11,1.8406,0.0902,0.0602,0.9002,0.79,0.102476709838673,0.0708068689720066,0.532599692344101,"No Oil Added ; Prev-Oiled Inoc.",1039
"S62-N17","S5_S62_N17",6.01,"S5","Soil","2018-11-06","Exp. Sample","62","N","Prev-Oiled Inoc.","No Oil Added","4","3","N17","Growing",NA,NA,NA,NA,NA,NA,NA,NA,10.05,1.13,NA,NA,"S62-N17",NA,NA,NA,NA,NA,NA,NA,NA,NA,NA,NA,1e-04,2.7906,0.2402,0.3501,1.9201,0.2802,0.461568024596464,0.555449785816278,0.872653729036949,"No Oil Added ; Prev-Oiled Inoc.",1039
"S63-J17","S5_S63_J17",6.14,"S5","Soil","2018-11-19","Exp. Sample","63","N","Prev-Oiled Inoc.","Oil Added","1","4","J17","Non-Growing",NA,NA,NA,NA,NA,NA,NA,NA,7.32,0.91,NA,NA,"S63-J17",NA,NA,NA,NA,NA,NA,NA,NA,NA,NA,NA,4.91,151.8304,58.62,21.4601,69.6501,2.1002,0.96541183988195,0.910858520477243,0.970729042247907,"Oil Added ; Prev-Oiled Inoc.",1039
"S63-J18","S5_S63_J18",7.81,"S5","Soil","2018-11-14","Exp. Sample","63","N","Prev-Oiled Inoc.","Oil Added","1","4","J18","Non-Growing",NA,NA,NA,NA,NA,NA,NA,NA,8.03,0.72,NA,NA,"S63-J18",NA,NA,NA,NA,NA,NA,NA,NA,NA,NA,NA,1.02,38.73,8.67,5.67,20.32,4.07,0.680533751962323,0.582135523613963,0.833128331283313,"Oil Added ; Prev-Oiled Inoc.",1039
"S63-N16","S5_S63_N16",5.16,"S5","Soil","2018-10-24","Exp. Sample","63","N","Prev-Oiled Inoc.","Oil Added","1","4","N16","Growing",NA,NA,NA,NA,NA,NA,NA,NA,6.96,4.43,NA,NA,"S63-N16",NA,NA,NA,NA,NA,NA,NA,NA,NA,NA,NA,0.67,576.95,79.96,58.78,411.09,27.12,0.746731415763915,0.684284051222352,0.938111864174711,"Oil Added ; Prev-Oiled Inoc.",1039
"S63-N17","S5_S63_N17",4.79,"S5","Soil","2018-11-06","Exp. Sample","63","N","Prev-Oiled Inoc.","Oil Added","1","4","N17","Growing",NA,NA,NA,NA,NA,NA,NA,NA,9.14,1.49,NA,NA,"S63-N17",NA,NA,NA,NA,NA,NA,NA,NA,NA,NA,NA,0.62,5.3609,4.4001,0.4502,4e-04,0.5102,0.896095961550211,0.468763015410246,0.000783392087739914,"Oil Added ; Prev-Oiled Inoc.",1039
"S65-J17","S5_S65_J17",7.13,"S5","Soil","2018-11-19","Exp. Sample","65","N","Prev-Oiled Inoc.","No Oil Added","2","4","J17","Non-Growing",NA,NA,NA,NA,NA,NA,NA,NA,7.55,0.97,NA,NA,"S65-J17",NA,NA,NA,NA,NA,NA,NA,NA,NA,NA,NA,0.78,2.0507,0.3002,0.5401,0.8402,0.3702,0.447792362768496,0.59332088322531,0.694150693985459,"No Oil Added ; Prev-Oiled Inoc.",1039
"S65-J18","S5_S65_J18",5.55,"S5","Soil","2018-11-14","Exp. Sample","65","N","Prev-Oiled Inoc.","No Oil Added","2","4","J18","Non-Growing",NA,NA,NA,NA,NA,NA,NA,NA,8.31,0.51,NA,NA,"S65-J18",NA,NA,NA,NA,NA,NA,NA,NA,NA,NA,NA,3.06,2.6906,0.1103,0.1701,0.5002,1.91,0.0545958521011731,0.081774914667564,0.207534644427848,"No Oil Added ; Prev-Oiled Inoc.",1039
"S65-N16","S5_S65_N16",6.01,"S5","Soil","2018-10-24","Exp. Sample","65","N","Prev-Oiled Inoc.","No Oil Added","2","4","N16","Growing",NA,NA,NA,NA,NA,NA,NA,NA,7.1,1.59,NA,NA,"S65-N16",NA,NA,NA,NA,NA,NA,NA,NA,NA,NA,NA,0.15,2.8405,0.0402,0.0402,1.5001,1.26,0.0309183202584218,0.0309183202584218,0.54349480091301,"No Oil Added ; Prev-Oiled Inoc.",1039
"S65-N17","S5_S65_N17",6.18,"S5","Soil","2018-11-06","Exp. Sample","65","N","Prev-Oiled Inoc.","No Oil Added","2","4","N17","Growing",NA,NA,NA,NA,NA,NA,NA,NA,8.96,1.29,NA,NA,"S65-N17",NA,NA,NA,NA,NA,NA,NA,NA,NA,NA,NA,1.26,3.7705,0.4201,0.8401,2.0301,0.4802,0.4666222370321,0.636294781489056,0.808708122535155,"No Oil Added ; Prev-Oiled Inoc.",1039
"S66-J17","S5_S66_J17",6.04,"S5","Soil","2018-11-19","Exp. Sample","66","Y","Prev-Oiled Inoc.","No Oil Added","4","3","J17","Non-Growing",62.575,4.6195,6,63,NA,NA,NA,NA,6.84,1.21,NA,NA,"S66-J17",NA,NA,NA,NA,NA,NA,NA,NA,NA,NA,NA,2.45,3.4208,0.1203,0.2702,1.8402,1.1901,0.0918040293040293,0.18503047319044,0.607266607266607,"No Oil Added ; Prev-Oiled Inoc.",1039
"S66-J18","S5_S66_J18",6.09,"S5","Soil","2018-11-14","Exp. Sample","66","Y","Prev-Oiled Inoc.","No Oil Added","4","3","J18","Non-Growing",42.785,3.54,3,107,23,NA,NA,NA,6.7,0.6,NA,NA,"S66-J18",NA,NA,NA,NA,134.94,7.03,231.18,27.6,83.27,400.75,0.207785402370555,1.19,1.2209,0.1103,0.0102,4e-04,1.1,0.0911344294802942,0.00918753377769771,0.000363504180298073,"No Oil Added ; Prev-Oiled Inoc.",1039
"S66-N16","S5_S66_N16",6.04,"S5","Soil","2018-10-24","Exp. Sample","66","Y","Prev-Oiled Inoc.","No Oil Added","4","3","N16","Growing",72.898,3.94666666666667,6,46,NA,1,0.24,0.24,6.76,1.39,NA,NA,"S66-N16",NA,NA,NA,NA,NA,NA,NA,NA,NA,NA,NA,0.16,1.9605,0.0203,0.0702,0.88,0.99,0.0200930416707909,0.066213921901528,0.470588235294118,"No Oil Added ; Prev-Oiled Inoc.",1039
"S66-N17","S5_S66_N17",5.55,"S5","Soil","2018-11-06","Exp. Sample","66","Y","Prev-Oiled Inoc.","No Oil Added","4","3","N17","Growing",74.8,4.67,11,66,NA,6,0.55,0.0916666666666667,8.16,1.55,NA,NA,"S66-N17",NA,NA,NA,NA,NA,NA,NA,NA,NA,NA,NA,4.74,6.2805,0.6801,1.0401,2.9002,1.6601,0.290616186650714,0.385193689356344,0.635966932000088,"No Oil Added ; Prev-Oiled Inoc.",1039
"S68-J18","S5_S68_J18",5.3,"S5","Soil","2018-11-14","Exp. Sample","68","Y","Prev-Oiled Inoc.","No Oil Added","1","4","J18","Non-Growing",44.36,4.205,4,109,14,NA,NA,NA,7.28,0.68,NA,NA,"S68-J18",NA,NA,NA,NA,123.79,6.53,212.99,20.89,118.65,364.2,0.325782537067545,1.64,2.1008,0.1203,0.0301,4e-04,1.95,0.0581075206491813,0.0152012524619969,0.000205086136177194,"No Oil Added ; Prev-Oiled Inoc.",1039
"S68-N16","S5_S68_N16",2.84,"S5","Soil","2018-10-24","Exp. Sample","68","Y","Prev-Oiled Inoc.","No Oil Added","1","4","N16","Growing",79.248,4.44,6,47,NA,0,0,0,6.82,2.36,NA,NA,"S68-N16",NA,NA,NA,NA,NA,NA,NA,NA,NA,NA,NA,0.25,7.5503,0.0202,1.0001,3.63,2.9,0.00691733442914869,0.256429322325069,0.555895865237366,"No Oil Added ; Prev-Oiled Inoc.",1039
"S68-N17","S5_S68_N17",4.87,"S5","Soil","2018-11-06","Exp. Sample","68","Y","Prev-Oiled Inoc.","No Oil Added","1","4","N17","Growing",55.75,3.96,8,72,NA,0,0,0,7.12,1.96,NA,NA,"S68-N17",NA,NA,NA,NA,NA,NA,NA,NA,NA,NA,NA,1.81,2.2509,0.2702,0.8801,1.1003,3e-04,0.998890942698706,0.999659245797365,0.999727421406506,"No Oil Added ; Prev-Oiled Inoc.",1039
"S69-J17","S5_S69_J17",7.61,"S5","Soil","2018-11-19","Exp. Sample","69","Y","Prev-Oiled Inoc.","Oil Added","1","4","J17","Non-Growing",73.475,5.251,7,49,NA,NA,NA,NA,7.19,3.12,NA,NA,"S69-J17",NA,NA,NA,NA,NA,NA,NA,NA,NA,NA,NA,NA,NA,NA,NA,NA,NA,NA,NA,NA,"Oil Added ; Prev-Oiled Inoc.",1039
"S69-J18","S5_S69_J18",3.04,"S5","Soil","2018-11-14","Exp. Sample","69","Y","Prev-Oiled Inoc.","Oil Added","1","4","J18","Non-Growing",68.135,4.86,5,68,28,NA,NA,NA,7.38,0.6,NA,NA,"S69-J18",NA,NA,NA,NA,127.55,28.04,151.95,78.11,122.1,385.65,0.31660832360949,0.74,0.9708,0.1103,0.0101,4e-04,0.85,0.114859939602208,0.0117428206022556,0.000470366886171214,"Oil Added ; Prev-Oiled Inoc.",1039
"S69-N16","S5_S69_N16",7.63,"S5","Soil","2018-10-24","Exp. Sample","69","Y","Prev-Oiled Inoc.","Oil Added","1","4","N16","Growing",103.632,5.57333333333333,8,28,NA,16,9.5,0.59375,6.94,5.5,NA,NA,"S69-N16",NA,NA,NA,NA,NA,NA,NA,NA,NA,NA,NA,0.56,651.03,93.91,81.46,440,35.66,0.724781971135294,0.695525956284153,0.925030483959131,"Oil Added ; Prev-Oiled Inoc.",1039
"S69-N17","S5_S69_N17",5.68,"S5","Soil","2018-11-27","Exp. Sample","69","Y","Prev-Oiled Inoc.","Oil Added","1","4","N17","Growing",96,4.73,14,37,NA,9,2.68,0.297777777777778,7.03,2.82,NA,NA,"S69-N17",NA,NA,NA,NA,NA,NA,NA,NA,NA,NA,NA,5.85,10.1306,0.9802,0.5702,7.35,1.2302,0.443449149475208,0.316707398355921,0.856623388732197,"Oil Added ; Prev-Oiled Inoc.",1039
"S8-J18","S5_S08_J18",5.92,"S5","Soil","2018-11-19","Exp. Sample","8","Y","Not Prev-Oiled Inoc","No Oil Added","3","1","J18","Non-Growing",67.425,4.815,5,93,7,NA,NA,NA,7.38,0.61,NA,NA,"S8-J18",NA,NA,NA,NA,169.32,1.12,257.46,13.72,232.76,441.62,0.527059462886645,0.02,0.8708,0.1003,0.0101,4e-04,0.76,0.116587237010345,0.0131151798467731,0.000526038926880589,"No Oil Added ; Not Prev-Oiled Inoc",1039
"S8-N16","S5_S08_N16",5.08,"S5","Soil","2018-10-24","Exp. Sample","8","Y","Not Prev-Oiled Inoc","No Oil Added","3","1","N16","Growing",NA,5.78666666666667,8,21,NA,14,9.36,0.668571428571428,6.79,2.14,NA,NA,"S8-N16",NA,NA,NA,NA,NA,NA,NA,NA,NA,NA,NA,0,0.1911,0.0103,2e-04,0.1803,3e-04,0.971698113207547,0.4,0.998338870431894,"No Oil Added ; Not Prev-Oiled Inoc",1039
"S8-N17","S5_S08_N17",6.58,"S5","Soil","2018-11-14","Exp. Sample","8","Y","Not Prev-Oiled Inoc","No Oil Added","3","1","N17","Growing",93.65,5.835,11,53,NA,9,2.74,0.304444444444444,7.81,2.54,NA,NA,"S8-N17",NA,NA,NA,NA,NA,NA,NA,NA,NA,NA,NA,0.14,0.4111,0.1402,3e-04,4e-04,0.2702,0.341617933723197,0.0011090573012939,0.00147819660014782,"No Oil Added ; Not Prev-Oiled Inoc",1039
"S9-J17","S5_S09_J17",6.32,"S5","Soil","2018-11-06","Exp. Sample","9","Y","Not Prev-Oiled Inoc","Oil Added","4","1","J17","Non-Growing",59.625,4.4575,4,59,NA,NA,NA,NA,6.94,2.86,NA,NA,"S9-J17",NA,NA,NA,NA,NA,NA,NA,NA,NA,NA,NA,13,385.12,109.49,76.14,177.52,21.97,0.832876920736346,0.776067679135664,0.889869166374254,"Oil Added ; Not Prev-Oiled Inoc",1039
"S9-J18","S5_S09_J18",4.72,"S5","Soil","2018-11-19","Exp. Sample","9","Y","Not Prev-Oiled Inoc","Oil Added","4","1","J18","Non-Growing",43.85,3.51,4,74,30,NA,NA,NA,8.04,0.66,NA,NA,"S9-J18",NA,NA,NA,NA,103.9,7.1,187,38.6,143.85,336.6,0.427361853832442,0.528,1.0458,0.1213,0.0111,4e-04,0.913,0.117277385671469,0.0120116870468564,0.000437924239106635,"Oil Added ; Not Prev-Oiled Inoc",1039
"S9-N16","S5_S09_N16",5.02,"S5","Soil","2018-10-24","Exp. Sample","9","Y","Not Prev-Oiled Inoc","Oil Added","4","1","N16","Growing",71.628,4.34666666666667,5,31,NA,10,2,0.2,7.1,4.31,NA,NA,"S9-N16",NA,NA,NA,NA,NA,NA,NA,NA,NA,NA,NA,0.56,424.4,60.9,49.35,288.85,25.3,0.706496519721578,0.661085063630275,0.91946522361929,"Oil Added ; Not Prev-Oiled Inoc",1039
"S9-N17","S5_S09_N17",4.36,"S5","Soil","2018-11-14","Exp. Sample","9","Y","Not Prev-Oiled Inoc","Oil Added","4","1","N17","Growing",53.9,4.375,8,70,NA,1,0.01,0.01,7.22,2.06,NA,NA,"S9-N17",NA,NA,NA,NA,NA,NA,NA,NA,NA,NA,NA,2.85,47.1906,10.8801,9.4601,26.8501,3e-04,0.999972427484284,0.999968288867278,0.999988826982093,"Oil Added ; Not Prev-Oiled Inoc",1039
